﻿{"cameraMode":{"drawMode":0,"name":"Shaded","section":"Shading Mode"},"sceneLighting":true,"audioPlay":false,"sceneViewState":{"showFog":true,"showMaterialUpdate":false,"showSkybox":true,"showFlares":true,"showImageEffects":true,"showParticleSystems":true},"in2DMode":false,"pivot":{"x":162.16241455078126,"y":66.82498168945313,"z":-112.80508422851563},"rotation":{"x":0.18657588958740235,"y":0.3487547039985657,"z":-0.07105926424264908,"w":0.9157040119171143},"size":380.5572204589844,"orthographic":true}